Type,Precision (P),Recall (R),Residual Recall (R+),F1,"# of TP","# of FP","# of FN",Time
ALL,0.6111111111111112,0.5789473684210527,0.5789473684210527,0.5945945945945946,11,7,8,0
CLASSES,0.9,0.6428571428571429,0.6428571428571429,0.75,9,1,5,-
PROPERTIES,0.25,0.4,0.4,0.3076923076923077,2,6,3,-
INSTANCES,0.0,0.0,0.0,NaN,0,0,0,-
