Type,Precision (P),Recall (R),Residual Recall (R+),F1,"# of TP","# of FP","# of FN",Time
ALL,0.5555555555555556,0.3333333333333333,0.3333333333333333,0.4166666666666667,5,4,10,0
CLASSES,0.5714285714285714,0.3333333333333333,0.3333333333333333,0.4210526315789474,4,3,8,-
PROPERTIES,0.5,0.3333333333333333,0.3333333333333333,0.4,1,1,2,-
INSTANCES,0.0,0.0,0.0,NaN,0,0,0,-
