Type,Precision (P),Recall (R),Residual Recall (R+),F1,"# of TP","# of FP","# of FN","# of Correspondences",Time,Time (HH:MM:SS)
ALL,0.8333333333333334,0.2631578947368421,0.0,0.39999999999999997,5,1,14,6,7073937249,00:00:07
CLASSES,0.8333333333333334,0.2631578947368421,0.0,0.39999999999999997,5,1,14,6,-,-
PROPERTIES,0.0,0.0,0.0,0.0,0,0,0,0,-,-
INSTANCES,0.0,0.0,0.0,0.0,0,0,0,0,-,-
