Type,Precision (P),Recall (R),Residual Recall (R+),F1,"# of TP","# of FP","# of FN",Time
ALL,0.8461538461538461,0.6470588235294118,0.6470588235294118,0.7333333333333334,11,2,6,0
CLASSES,0.9,0.6428571428571429,0.6428571428571429,0.75,9,1,5,-
PROPERTIES,0.6666666666666666,0.6666666666666666,0.6666666666666666,0.6666666666666666,2,1,1,-
INSTANCES,0.0,0.0,0.0,NaN,0,0,0,-
