Type,Precision (P),Recall (R),Residual Recall (R+),F1,"# of TP","# of FP","# of FN",Time
ALL,0.9,0.47368421052631576,0.47368421052631576,0.6206896551724138,9,1,10,0
CLASSES,0.9,0.6428571428571429,0.6428571428571429,0.75,9,1,5,-
PROPERTIES,0.0,0.0,0.0,NaN,0,0,5,-
INSTANCES,0.0,0.0,0.0,NaN,0,0,0,-
