Type,Precision (P),Recall (R),Residual Recall (R+),F1,"# of TP","# of FP","# of FN",Time
ALL,0.6666666666666666,0.8235294117647058,0.8235294117647058,0.7368421052631577,14,7,3,0
CLASSES,0.6666666666666666,0.8571428571428571,0.8571428571428571,0.75,12,6,2,-
PROPERTIES,0.6666666666666666,0.6666666666666666,0.6666666666666666,0.6666666666666666,2,1,1,-
INSTANCES,0.0,0.0,0.0,NaN,0,0,0,-
