Type,Precision (P),Recall (R),Residual Recall (R+),F1,"# of TP","# of FP","# of FN",Time
ALL,0.5789473684210527,0.5789473684210527,0.5789473684210527,0.5789473684210527,11,8,8,0
CLASSES,0.9,0.6428571428571429,0.6428571428571429,0.75,9,1,5,-
PROPERTIES,0.2222222222222222,0.4,0.4,0.2857142857142857,2,7,3,-
INSTANCES,0.0,0.0,0.0,NaN,0,0,0,-
