Type,Precision (P),Recall (R),Residual Recall (R+),F1,"# of TP","# of FP","# of FN",Time
ALL,0.6,0.48,0.48,0.5333333333333332,12,8,13,0
CLASSES,0.6470588235294118,0.4782608695652174,0.4782608695652174,0.55,11,6,12,-
PROPERTIES,0.3333333333333333,0.5,0.5,0.4,1,2,1,-
INSTANCES,0.0,0.0,0.0,NaN,0,0,0,-
