Type,Precision (P),Recall (R),Residual Recall (R+),F1,"# of TP","# of FP","# of FN","# of Correspondences",Time,Time (HH:MM:SS)
ALL,0.8888888888888888,0.42105263157894735,0.0,0.5714285714285714,8,1,11,9,5933219701,00:00:05
CLASSES,0.8888888888888888,0.5714285714285714,0.0,0.6956521739130435,8,1,6,9,-,-
PROPERTIES,0.0,0.0,0.0,0.0,0,0,5,0,-,-
INSTANCES,0.0,0.0,0.0,0.0,0,0,0,0,-,-
