Type,Precision (P),Recall (R),Residual Recall (R+),F1,"# of TP","# of FP","# of FN",Time
ALL,0.9090909090909091,0.5263157894736842,0.5263157894736842,0.6666666666666666,10,1,9,0
CLASSES,0.9,0.6428571428571429,0.6428571428571429,0.75,9,1,5,-
PROPERTIES,1.0,0.2,0.2,0.33333333333333337,1,0,4,-
INSTANCES,0.0,0.0,0.0,NaN,0,0,0,-
