Type,Precision (P),Recall (R),Residual Recall (R+),F1,"# of TP","# of FP","# of FN","# of Correspondences",Time,Time (HH:MM:SS)
ALL,0.7142857142857143,0.21739130434782608,0.0,0.3333333333333333,5,2,18,7,8327241694,00:00:08
CLASSES,0.7142857142857143,0.2631578947368421,0.0,0.3846153846153846,5,2,14,7,-,-
PROPERTIES,0.0,0.0,0.0,0.0,0,0,4,0,-,-
INSTANCES,0.0,0.0,0.0,0.0,0,0,0,0,-,-
