Type,Precision (P),Recall (R),Residual Recall (R+),F1,"# of TP","# of FP","# of FN","# of Correspondences",Time,Time (HH:MM:SS)
ALL,0.6666666666666666,0.32,0.0,0.43243243243243246,8,4,17,12,6745864526,00:00:06
CLASSES,0.6666666666666666,0.34782608695652173,0.0,0.4571428571428571,8,4,15,12,-,-
PROPERTIES,0.0,0.0,0.0,0.0,0,0,2,0,-,-
INSTANCES,0.0,0.0,0.0,0.0,0,0,0,0,-,-
