Type,Precision (P),Recall (R),Residual Recall (R+),F1,"# of TP","# of FP","# of FN",Time
ALL,0.9166666666666666,0.5789473684210527,0.5789473684210527,0.7096774193548387,11,1,8,0
CLASSES,0.9,0.6428571428571429,0.6428571428571429,0.75,9,1,5,-
PROPERTIES,1.0,0.4,0.4,0.5714285714285715,2,0,3,-
INSTANCES,0.0,0.0,0.0,NaN,0,0,0,-
