Type,Precision (P),Recall (R),Residual Recall (R+),F1,"# of TP","# of FP","# of FN","# of Correspondences",Time,Time (HH:MM:SS)
ALL,0.9166666666666666,0.7333333333333333,0.0,0.8148148148148148,11,1,4,12,7399224188,00:00:07
CLASSES,0.9166666666666666,0.7333333333333333,0.0,0.8148148148148148,11,1,4,12,-,-
PROPERTIES,0.0,0.0,0.0,0.0,0,0,0,0,-,-
INSTANCES,0.0,0.0,0.0,0.0,0,0,0,0,-,-
